feature,importance
league_id,428.0
home_team_history_league_id_10,408.6
away_team_history_league_id_10,399.8
away_team_history_league_id_1,366.4
home_team_history_league_id_9,361.2
away_team_history_league_id_9,331.2
home_team_history_league_id_2,328.2
home_team_history_league_id_1,322.8
home_team_history_league_id_4,320.4
away_team_history_league_id_2,305.2
away_team_history_league_id_6,297.4
away_team_history_league_id_8,296.2
away_team_history_league_id_3,282.0
away_team_history_league_id_4,277.2
home_team_history_league_id_6,276.8
diff_goal_diff_avg_10,272.2
away_team_history_league_id_7,267.2
diff_rating_diff_avg_10,266.0
home_team_history_league_id_7,264.4
away_team_history_league_id_5,261.8
home_team_history_league_id_8,259.4
home_team_history_league_id_5,238.8
home_team_history_league_id_3,236.4
league_name,204.2
home_team_coach_id,188.0
away_team_history_coach_10,176.8
away_team_coach_id,172.8
home_team_history_coach_10,169.0
away_team_history_coach_9,130.2
home_team_history_coach_9,120.6
diff_rating_diff_avg_5,103.4
away_team_history_coach_1,99.2
diff_rating_avg_5,95.4
diff_rating_avg_10,93.0
home_team_history_coach_1,89.8
home_team_history_coach_8,89.6
home_team_history_coach_7,83.8
home_team_history_coach_2,81.8
away_team_history_coach_5,80.4
away_team_history_coach_2,76.6
away_team_history_coach_4,76.4
away_team_history_coach_8,74.8
away_team_history_coach_7,73.6
home_team_history_coach_5,69.6
home_team_history_coach_3,68.6
diff_goal_diff_avg_5,66.4
diff_rating_avg_3,63.6
away_team_history_coach_3,63.4
away_team_history_coach_6,63.2
home_team_history_coach_6,63.0
home_team_history_coach_4,62.6
diff_points_avg_10,36.2
diff_rating_diff_avg_3,34.2
diff_avg_rest_days_10,31.6
diff_avg_rest_days_5,24.4
diff_goal_diff_avg_3,24.0
diff_goals_avg_10,19.2
away_same_league_rate_10,18.4
away_goal_diff_sum_10,14.2
home_goal_diff_sum_10,13.4
diff_opp_goals_avg_10,13.0
home_same_league_rate_10,12.2
home_rating_avg_10,10.6
home_days_since_last_match_7,10.0
diff_avg_rest_days_3,9.6
diff_points_avg_5,9.2
home_days_since_last_match_4,9.2
away_same_league_rate_5,9.2
home_days_since_last_match_6,9.0
home_days_since_last_match_2,8.8
home_points_sum_10,8.8
home_goal_diff_avg_10,8.4
away_rating_diff_avg_10,8.2
away_team_history_rating_6,8.0
home_team_history_rating_6,7.8
home_days_since_last_match_5,7.6
away_rating_diff_avg_3,7.4
home_avg_rest_days_3,7.4
home_days_since_last_match_9,7.2
home_team_history_rating_10,6.8
home_team_history_rating_5,6.6
home_days_since_last_match_3,6.4
home_avg_rest_days_5,6.2
home_opp_rating_avg_5,6.0
diff_opp_goals_avg_3,6.0
diff_same_league_rate_10,6.0
home_rating_avg_3,5.8
away_goal_diff_avg_10,5.8
home_rating_diff_max_10,5.4
diff_opp_goals_avg_5,5.4
away_opp_rating_avg_10,5.2
home_days_since_last_match_10,5.2
away_rating_avg_10,5.0
home_team_history_rating_2,5.0
away_team_history_rating_5,4.8
home_team_history_opponent_rating_9,4.6
home_days_since_last_match_8,4.6
away_points_sum_10,4.4
away_team_history_rating_2,4.4
home_opp_rating_avg_3,4.2
away_team_history_rating_9,4.2
home_opp_rating_avg_10,4.2
away_team_history_rating_7,4.2
home_team_history_rating_1,4.2
home_team_history_opponent_rating_6,4.2
home_same_league_rate_5,4.0
home_goal_diff_avg_5,4.0
home_rating_diff_avg_3,3.6
rest_days_diff_1,3.6
home_team_history_opponent_rating_5,3.6
home_rating_avg_5,3.6
home_points_avg_10,3.4
away_team_history_opponent_rating_9,3.4
away_team_history_rating_10,3.4
away_same_league_rate_3,3.4
home_team_history_opponent_rating_8,3.4
home_team_history_rating_8,3.2
home_team_history_rating_9,3.2
away_days_since_last_match_9,3.2
away_team_history_opponent_rating_8,3.2
home_rating_diff_avg_10,3.2
away_rating_avg_3,3.2
away_days_since_last_match_10,3.2
away_team_history_opponent_rating_1,3.0
away_team_history_rating_1,3.0
away_days_since_last_match_2,3.0
away_days_since_last_match_5,3.0
home_rating_diff_avg_5,2.8
home_max_rest_days_10,2.6
away_rating_diff_avg_5,2.6
away_days_since_last_match_6,2.6
home_team_history_rating_7,2.6
away_rating_diff_max_10,2.6
home_team_history_opponent_rating_7,2.4
away_days_since_last_match_7,2.4
diff_goals_avg_5,2.4
home_team_history_opponent_rating_10,2.4
home_team_history_opponent_rating_4,2.2
away_team_history_opponent_rating_4,2.2
home_team_history_opponent_rating_2,2.2
away_team_history_rating_8,2.2
away_rating_avg_5,2.2
away_team_history_opponent_rating_6,2.2
away_rating_trend_3_vs_10,2.0
home_team_history_rating_4,2.0
home_goals_avg_10,2.0
away_team_history_opponent_rating_5,2.0
away_opp_goals_std_10,2.0
away_team_history_opponent_rating_2,2.0
home_days_since_last_match_1,1.8
home_rating_diff_min_10,1.8
away_days_since_last_match_8,1.8
home_avg_rest_days_10,1.8
away_goals_std_10,1.8
away_team_history_rating_4,1.8
away_goals_avg_10,1.8
away_team_history_opponent_rating_10,1.8
home_defense_trend_3_vs_10,1.8
away_team_history_opponent_rating_7,1.8
home_team_history_opponent_rating_1,1.6
away_avg_rest_days_5,1.6
home_std_rest_days_10,1.6
diff_points_avg_3,1.4
away_points_avg_10,1.4
away_opp_rating_avg_3,1.4
away_days_since_last_match_3,1.4
away_rating_diff_std_10,1.4
home_team_history_rating_3,1.4
home_rating_trend_3_vs_10,1.4
away_rating_diff_min_10,1.2
away_opp_rating_avg_5,1.2
home_team_history_opponent_goal_1,1.2
away_points_sum_5,1.2
home_opp_goals_avg_3,1.2
home_goal_diff_avg_3,1.2
home_points_trend_3_vs_10,1.2
away_days_since_last_match_1,1.2
home_team_history_opponent_rating_3,1.2
match_weekofyear,1.2
diff_same_coach_rate_10,1.0
home_league_switch_count_10,1.0
home_points_sum_5,1.0
home_same_coach_rate_10,1.0
away_days_since_last_match_4,1.0
home_opp_goals_avg_10,1.0
diff_goals_avg_3,1.0
home_rating_diff_std_10,0.8
home_cup_match_rate_10,0.8
away_team_history_opponent_goal_1,0.8
home_team_history_goal_10,0.8
away_team_history_opponent_rating_3,0.8
home_opp_goals_std_10,0.8
away_goal_diff_avg_5,0.8
away_team_history_rating_3,0.8
away_same_coach_rate_10,0.8
home_same_league_rate_3,0.8
home_goals_trend_3_vs_10,0.6
home_min_rest_days_10,0.6
home_goals_std_10,0.6
away_league_switch_count_10,0.6
home_points_avg_5,0.6
away_max_rest_days_10,0.6
away_opp_goals_avg_5,0.6
away_std_rest_days_10,0.6
away_goals_trend_3_vs_10,0.6
away_goals_avg_5,0.6
away_goal_diff_avg_3,0.6
home_points_sum_3,0.6
away_team_history_goal_9,0.6
home_team_history_goal_6,0.6
away_loss_rate_10,0.6
away_team_history_opponent_goal_10,0.6
away_team_history_opponent_goal_2,0.6
away_team_history_opponent_goal_8,0.6
away_team_history_opponent_goal_9,0.6
match_day,0.6
away_avg_rest_days_3,0.6
home_team_history_opponent_goal_8,0.4
home_team_history_opponent_goal_9,0.4
home_team_history_goal_8,0.4
home_team_history_opponent_goal_7,0.4
home_team_history_opponent_goal_6,0.4
home_team_history_opponent_goal_10,0.4
home_team_history_goal_7,0.4
home_win_rate_10,0.4
away_avg_rest_days_10,0.4
away_history_available_count_coach,0.4
away_opp_goals_avg_10,0.4
away_team_history_is_cup_3,0.4
away_team_history_opponent_goal_7,0.4
home_goals_avg_3,0.4
away_defense_trend_3_vs_10,0.4
away_opp_goals_avg_3,0.4
away_points_trend_3_vs_10,0.4
away_team_history_goal_1,0.4
away_team_history_goal_10,0.4
away_loss_rate_5,0.4
away_goals_avg_3,0.4
away_team_history_opponent_goal_5,0.4
away_points_avg_5,0.4
away_points_sum_3,0.2
away_played_home_rate_3,0.2
away_team_history_is_play_home_10,0.2
away_played_home_rate_5,0.2
away_loss_rate_3,0.2
home_history_available_count_coach,0.2
home_team_history_opponent_goal_5,0.2
home_team_history_opponent_goal_4,0.2
home_team_history_opponent_goal_2,0.2
home_team_history_goal_2,0.2
home_team_history_goal_3,0.2
home_team_history_goal_4,0.2
home_team_history_goal_5,0.2
home_team_history_goal_9,0.2
home_team_history_is_cup_5,0.2
away_team_history_goal_5,0.2
home_team_history_is_cup_8,0.2
away_team_history_goal_7,0.2
home_team_history_goal_1,0.2
away_min_rest_days_10,0.2
away_win_rate_10,0.2
home_win_rate_3,0.2
month_sin,0.2
home_loss_rate_10,0.2
home_loss_rate_5,0.2
match_month,0.2
home_opp_goals_avg_5,0.2
home_draw_rate_10,0.2
home_played_home_rate_10,0.2
home_win_rate_5,0.2
home_cup_match_rate_3,0.2
home_points_avg_3,0.2
away_cup_match_rate_10,0.2
away_draw_rate_10,0.2
away_cup_match_rate_5,0.0
away_team_history_goal_4,0.0
away_relevant_venue_points_avg_10,0.0
match_year,0.0
away_history_available_count_rating,0.0
away_team_history_goal_2,0.0
away_team_history_goal_3,0.0
month_cos,0.0
away_history_available_count_goal,0.0
away_points_when_play_home_avg_10,0.0
away_goals_when_play_home_avg_10,0.0
away_team_history_goal_6,0.0
away_coach_change_flag,0.0
home_team_history_is_play_home_9,0.0
home_team_history_is_play_home_8,0.0
home_team_history_is_play_home_7,0.0
away_coach_missing,0.0
away_points_when_play_away_avg_10,0.0
away_played_home_rate_10,0.0
away_goals_when_play_away_avg_10,0.0
match_is_weekend,0.0
match_dayofweek,0.0
away_draw_rate_5,0.0
away_coach_unique_count_10,0.0
away_has_future_history_flag,0.0
home_team_history_is_play_home_5,0.0
away_cup_match_rate_3,0.0
home_team_history_opponent_goal_3,0.0
away_missing_history_rate_goal,0.0
is_cup_clean,0.0
away_missing_history_rate_rating,0.0
away_draw_rate_3,0.0
away_points_avg_3,0.0
home_team_history_is_play_home_6,0.0
home_team_history_is_cup_4,0.0
home_team_history_is_play_home_4,0.0
home_team_history_is_play_home_3,0.0
away_team_history_is_play_home_9,0.0
away_team_history_opponent_goal_3,0.0
away_team_history_opponent_goal_4,0.0
away_team_history_opponent_goal_6,0.0
away_win_rate_3,0.0
away_win_rate_5,0.0
coach_stability_diff,0.0
home_points_when_play_home_avg_10,0.0
home_points_when_play_away_avg_10,0.0
dow_cos,0.0
dow_sin,0.0
home_coach_change_flag,0.0
home_coach_missing,0.0
home_coach_unique_count_10,0.0
home_played_home_rate_5,0.0
home_played_home_rate_3,0.0
home_cup_match_rate_5,0.0
home_draw_rate_3,0.0
home_draw_rate_5,0.0
home_goals_avg_5,0.0
home_missing_history_rate_rating,0.0
home_missing_history_rate_goal,0.0
home_goals_when_play_away_avg_10,0.0
home_goals_when_play_home_avg_10,0.0
home_loss_rate_3,0.0
home_has_future_history_flag,0.0
home_history_available_count_rating,0.0
home_relevant_venue_points_avg_10,0.0
away_team_history_is_play_home_8,0.0
away_team_history_is_play_home_7,0.0
away_team_history_is_cup_1,0.0
home_team_history_is_play_home_2,0.0
home_team_history_is_play_home_10,0.0
home_team_history_is_play_home_1,0.0
home_team_history_is_cup_9,0.0
home_team_history_is_cup_7,0.0
home_team_history_is_cup_6,0.0
home_history_available_count_goal,0.0
home_team_history_is_cup_3,0.0
home_team_history_is_cup_2,0.0
home_team_history_is_cup_10,0.0
home_team_history_is_cup_1,0.0
away_team_history_goal_8,0.0
away_team_history_is_cup_10,0.0
away_team_history_is_play_home_6,0.0
away_team_history_is_cup_2,0.0
away_team_history_is_cup_4,0.0
away_team_history_is_cup_5,0.0
away_team_history_is_cup_6,0.0
away_team_history_is_cup_7,0.0
away_team_history_is_cup_8,0.0
away_team_history_is_cup_9,0.0
away_team_history_is_play_home_1,0.0
away_team_history_is_play_home_2,0.0
away_team_history_is_play_home_3,0.0
away_team_history_is_play_home_4,0.0
away_team_history_is_play_home_5,0.0
venue_form_diff,0.0
